id,type,title,director,country,release date,ratings,duration(min)
s464,Movie,American Factory: A Conversation with the Obamas,,United States,2019,TV-G,10
s24,Movie,​Mayurakshi,Atanu Ghosh,India,2017,TV-14,100
s123,Movie,50/50,Jonathan Levine,United States,2011,R,100
s217,Movie,A Plastic Ocean,,"United Kingdom, Hong Kong",2016,TV-14,100
s230,Movie,A Single Man,Tom Ford,United States,2009,R,100
s281,Movie,Abdo Mota,,Egypt,2012,TV-MA,100
s380,Movie,Alex Strangelove,Craig Johnson,United States,2018,TV-MA,100
s420,Movie,All the Devil's Men,Matthew Hope,United Kingdom,2018,R,100
s542,Movie,Anon,Andrew Niccol,"United Kingdom, Canada, United States, Germany",2018,TV-MA,100
s605,Movie,Asu Mare 2,Ricardo Maldonado,Peru,2015,TV-14,100
s803,Movie,Bedtime Stories,Adam Shankman,United States,2008,PG,100
s805,Movie,Been So Long,Tinge Krishnan,,2018,TV-MA,100
s813,Movie,Behind the Curtain: Todrick Hall,Katherine Fairfax Wright,United States,2017,TV-MA,100
s836,Movie,Benji: Off the Leash,Joe Camp,United States,2004,PG,100
s858,Movie,Bethany Hamilton: Unstoppable,Aaron Lieber,United States,2019,PG,100
s911,Movie,Bigflo & Oli: Hip Hop Frenzy,"Bigflo & Oli, Jérémie Levypon",France,2020,TV-MA,100
s58,Movie,100% Halal,Jastis Arimba,Indonesia,2020,TV-14,101
s67,Movie,13TH,Ava DuVernay,United States,2016,TV-MA,101
s89,Movie,2307: Winter's Dream,Joey Curtis,United States,2016,TV-MA,101
s158,Movie,A Choo,"Kevin Ko, Peter Tsi",Taiwan,2020,TV-14,101
s167,Movie,A Dangerous Woman,Stephen Gyllenhaal,United States,1993,R,101
s287,Movie,About a Boy,"Chris Weitz, Paul Weitz","United Kingdom, United States, France, Germany",2002,PG-13,101
s404,Movie,All About Nina,Eva Vives,United States,2018,R,101
s457,Movie,American Circumcision,Brendon Marotta,United States,2017,TV-14,101
s602,Movie,Asphalt Burning,Hallvard Bræin,Norway,2020,TV-14,101
s644,Movie,Axone,Nicholas Kharkongor,India,2020,TV-MA,101
s666,Movie,Babamın Ceketi,Müfit Can Saçıntı,Turkey,2018,TV-MA,101
s733,Movie,Barbecue,Matthew Salleh,"Australia, Armenia, Japan, Jordan, Mexico, Mongolia, New Zealand, Philippines, South Africa, Sweden, United States, Uruguay",2017,TV-MA,101
s32,Movie,#FriendButMarried,Rako Prijanto,Indonesia,2018,TV-G,102
s72,Movie,16 Blocks,Richard Donner,"United States, Germany",2006,PG-13,102
s73,Movie,17 Again,Burr Steers,United States,2009,PG-13,102
s175,Movie,A Futile and Stupid Gesture,David Wain,United States,2018,TV-MA,102
s251,Movie,A Walk to Remember,Adam Shankman,United States,2002,PG,102
s377,Movie,Alejandro Sanz: What I Was Is What I Am,"Gervasio Iglesias, Alexis Morante",Spain,2018,TV-MA,102
s407,Movie,All Because of You,Adrian Teh,Malaysia,2020,TV-PG,102
s474,Movie,American Psycho,Mary Harron,"United States, Canada",2000,R,102
s506,Movie,And Breathe Normally,Ísold Uggadóttir,"Iceland, Sweden, Belgium",2018,TV-14,102
s618,Movie,Attacking the Devil: Harold Evans and the Last Nazi War Crime,"David Morris, Jacqui Morris",United Kingdom,2014,TV-14,102
s683,Movie,Backdraft 2,Gonzalo López-Gallego,United States,2019,R,102
s773,Movie,Bayonet,Kyzza Terrazas,"Mexico, Finland",2019,TV-MA,102
s833,Movie,Bending the Arc,"Kief Davidson, Pedro Kos",United States,2017,TV-MA,102
s874,Movie,Beynelmilel,"Muharrem Gülmez, Sırrı Süreyya Önder",Turkey,2006,TV-MA,102
s11,Movie,1922,Zak Hilditch,United States,2017,TV-MA,103
s130,Movie,6-5=2,Bharat Jain,India,2014,TV-MA,103
s252,Movie,A Wednesday,Neeraj Pandey,India,2008,TV-MA,103
s430,Movie,Alone in Berlin,Vincent Perez,"United Kingdom, France, Germany",2016,R,103
s431,Movie,Alone/Together,Antoinette Jadaone,Philippines,2019,TV-14,103
s432,Movie,Along Came a Spider,Lee Tamahori,"United States, Germany, Canada",2001,R,103
s444,Movie,Amandla! A Revolution in Four Part Harmony,Lee Hirsch,"South Africa, United States",2002,PG-13,103
s518,Movie,Angel Eyes,Luis Mandoki,United States,2001,R,103
s713,Movie,Bana Masal Anlatma,Burak Aksak,Turkey,2015,TV-14,103
s758,Movie,BASEketball,David Zucker,United States,1998,R,103
s908,Movie,Big Stone Gap,Adriana Trigiani,United States,2014,PG-13,103
s33,Movie,#FriendButMarried 2,Rako Prijanto,Indonesia,2020,TV-G,104
s95,Movie,28 Days,Betty Thomas,United States,2000,PG-13,104
s149,Movie,A Bad Moms Christmas,"Jon Lucas, Scott Moore","United States, China",2017,R,104
s151,Movie,A Billion Colour Story,Padmakumar Narasimhamurthy,India,2016,TV-14,104
s254,Movie,A Whisker Away,"Junichi Sato, Tomotaka Shibayama",Japan,2020,TV-PG,104
s370,Movie,Alakada Reloaded,Toyin Abraham,,2017,TV-MA,104
s417,Movie,All of You,Dan Villegas,Philippines,2017,TV-MA,104
s445,Movie,Amar,Esteban Crespo,Spain,2017,TV-MA,104
s512,Movie,André & his olive tree,Josiah Ng,Singapore,2020,TV-PG,104
s525,Movie,Angry Indian Goddesses,Pan Nalin,"India, Germany",2015,TV-MA,104
s537,Movie,Ankhon Dekhi,Rajat Kapoor,India,2013,TV-PG,104
s612,Movie,Athlete A,"Bonni Cohen, Jon Shenk",United States,2020,PG-13,104
s861,Movie,Betting on Zero,Ted Braun,United States,2017,TV-PG,104
s35,Movie,#Roxy,Michael Kennedy,Canada,2018,TV-14,105
s48,Movie,1 Mile to You,Leif Tilden,United States,2017,TV-14,105
s115,Movie,4L,Gerardo Olivares,Spain,2019,TV-MA,105
s312,Movie,Adhugo,,India,2018,TV-14,105
s330,Movie,After We Collided,Roger Kumble,United States,2020,R,105
s362,Movie,Ajji,Devashish Makhija,India,2017,TV-MA,105
s523,Movie,Anger Management,Peter Segal,United States,2003,PG-13,105
s698,Movie,Bad Seeds,Kheiron,"France, Belgium",2018,TV-MA,105
s756,Movie,Barry,Vikram Gandhi,United States,2016,TV-MA,105
s811,Movie,"Behind ""The Cove"": The Quiet Japanese Speak Out",Keiko Yagi,"Japan, United States",2015,TV-14,105
s839,Movie,Berlin Calling,Hannes Stöhr,Germany,2008,TV-MA,105
s896,Movie,Bibi & Tina II,Detlev Buck,Germany,2014,TV-14,105
s42,Movie,Ég man þig,Óskar Thór Axelsson,Iceland,2017,TV-MA,106
s118,Movie,5 Cowok Jagoan,Anggy Umbara,,2017,TV-MA,106
s227,Movie,A Serious Man,"Ethan Coen, Joel Coen","United States, United Kingdom, France",2009,R,106
s324,Movie,After,Jenny Gage,United States,2019,PG-13,106
s375,Movie,Albion: The Enchanted Stallion,Castille Landon,"United States, Bulgaria",2016,TV-PG,106
s385,Movie,Ali & Alia,Hussein El Ansary,United Arab Emirates,2019,TV-14,106
s437,Movie,Alt-Right: Age of Rage,Adam Bhala Lough,,2018,TV-MA,106
s477,Movie,American Warfighter,Jerry G. Angelo,United States,2019,TV-MA,106
s507,Movie,Andaleeb El Dokki,Wael Ehsan,Egypt,2008,TV-14,106
s529,Movie,Animal Crackers,"Tony Bancroft, Scott Christian Sava","China, Spain, South Korea, United States",2020,TV-Y7,106
s591,Movie,Aruna & Her Palate,Edwin,"Indonesia, South Korea, Singapore",2018,TV-14,106
s613,Movie,Atlantics,Mati Diop,"France, Senegal, Belgium",2019,TV-14,106
s823,Movie,Beirut Oh Beirut,Maroun Baghdadi,Lebanon,1975,TV-14,106
s898,Movie,Bibi & Tina: Tohuwabohu Total,Detlev Buck,Germany,2017,TV-14,106
s44,Movie,Òlòtūré,Kenneth Gyang,Nigeria,2020,TV-MA,107
s82,Movie,2015 Dream Concert,,South Korea,2015,TV-PG,107
s155,Movie,A California Christmas,Shaun Paul Piccinino,United States,2020,PG-13,107
s250,Movie,A Very Special Love,Cathy Garcia-Molina,Philippines,2008,TV-G,107
s332,Movie,Afterschool,Antonio Campos,United States,2008,TV-MA,107
s565,Movie,April and the Extraordinary World,"Christian Desmares, Franck Ekinci","France, Canada, Belgium",2015,PG,107
s723,Movie,Bangkok Hell,Manop Janjarasskul,Thailand,2002,TV-MA,107
s846,Movie,Berserk: The Golden Age Arc III - The Advent,Toshiyuki Kubooka,Japan,2013,TV-MA,107
s876,Movie,Beyond Skyline,Liam O'Donnell,"United States, Canada, Indonesia, United Kingdom, China, Singapore",2017,R,107
s897,Movie,Bibi & Tina: Girls Versus Boys,Detlev Buck,Germany,2016,TV-14,107
s906,Movie,Big Miracle,Ken Kwapis,"United States, United Kingdom",2012,PG,107
s206,Movie,A Monster Calls,J.A. Bayona,"United Kingdom, Spain, United States",2016,PG-13,108
s222,Movie,A Scandall,Ishaan Trivedi,India,2016,TV-MA,108
s239,Movie,A Thin Line Between Love & Hate,Martin Lawrence,United States,1996,R,108
s492,Movie,An Evening with Beverly Luff Linn,Jim Hosking,"United Kingdom, United States",2018,R,108
s714,Movie,Banana Island Ghost,BB Sasore,Nigeria,2017,TV-14,108
s864,Movie,Between Maybes,Jason Paul Laxamana,Philippines,2019,TV-14,108
s913,Movie,Biggie & Tupac,Nick Broomfield,United Kingdom,2002,R,108
s51,Movie,"10,000 B.C.",Roland Emmerich,"United States, South Africa",2008,PG-13,109
s55,Movie,100 Meters,Marcel Barrena,"Portugal, Spain",2016,TV-MA,109
s186,Movie,A Heavy Heart,Thomas Stuber,Germany,2015,TV-MA,109
s363,Movie,AK vs AK,Vikramaditya Motwane,India,2020,TV-MA,109
s383,Movie,Alexandria: Again and Forever,Youssef Chahine,"France, Egypt",1989,TV-MA,109
s419,Movie,All The Bright Places,Brett Haley,United States,2020,TV-MA,109
s749,Movie,Barbra: The Music ... The Mem'ries ... The Magic!,"Barbra Streisand, Jim Gable",United States,2017,TV-14,109
s21,Movie,​​Kuch Bheege Alfaaz,Onir,India,2018,TV-14,110
s171,Movie,A Family Man,Mark Williams,"Canada, United States",2016,R,110
s215,Movie,A Perfect Ending,Nicole Conn,United States,2012,TV-MA,110
s256,Movie,A Wrinkle in Time,Ava DuVernay,United States,2018,PG,110
s276,Movie,Aaviri,Ravi Babu,India,2019,TV-14,110
s299,Movie,Act of Valor,"Mike McCoy, Scott Waugh",United States,2012,R,110
s389,Movie,Ali's Wedding,Jeffrey Walker,Australia,2018,TV-MA,110
s463,Movie,American Factory,"Steven Bognar, Julia Reichert",United States,2019,TV-14,110
s548,Movie,Antar: Son of Shadad,Sherif Ismail,Egypt,2017,TV-MA,110
s588,Movie,Arthur,Jason Winer,United States,2011,PG-13,110
s630,Movie,Automata,Gabe Ibáñez,"Bulgaria, United States, Spain, Canada",2014,R,110
s752,Movie,Bareilly Ki Barfi,Ashwiny Iyer Tiwari,India,2017,TV-14,110
s776,Movie,Be Here Now,Lilibet Foster,"United States, Australia",2015,TV-MA,110
s790,Movie,Beats,Chris Robinson,United States,2019,TV-MA,110
s170,Movie,A Family Affair,Tom Fassaert,"Netherlands, Denmark, South Africa",2015,TV-PG,111
s212,Movie,A Noble Intention,Joram Lürsen,Netherlands,2015,TV-MA,111
s258,Movie,A Yellow Bird,K. Rajagopal,"Singapore, France",2016,TV-MA,111
s314,Movie,Adore,Anne Fontaine,"Australia, France",2013,R,111
s502,Movie,Anarkali of Aarah,Avinash Das,India,2017,TV-MA,111
s643,Movie,Awe,Prasanth Varma,India,2018,TV-MA,111
s680,Movie,Back to the 90s,Yanyong Kuruaungkoul,Thailand,2015,TV-14,111
s300,Movie,Act of Vengeance,Mahsun Kırmızıgül,"Turkey, United States",2010,NR,112
s393,Movie,Alice Doesn't Live Here Anymore,Martin Scorsese,United States,1974,PG,112
s442,Movie,Always Be My Maybe,Dan Villegas,Philippines,2016,TV-14,112
s455,Movie,American Assassin,Michael Cuesta,United States,2017,R,112
s614,Movie,Atlas Shrugged: Part II,John Putch,United States,2012,PG-13,112
s645,Movie,Ayana,Gangadhar Salimath,India,2017,TV-MA,112
s665,Movie,Babam ve Oğlum,Çagan Irmak,Turkey,2005,TV-14,112
s868,Movie,Bewildered Bolbol,Khaled Marei,Egypt,2010,TV-14,112
s885,Movie,Bhai: Vyakti Ki Valli - Uttarardh,Mahesh Manjrekar,India,2019,TV-PG,112
s69,Movie,14 Blades,Daniel Lee,"Hong Kong, China, Singapore",2010,R,113
s197,Movie,A Little Chaos,Alan Rickman,United Kingdom,2014,R,113
s503,Movie,Anchor and Hope,Carlos Marques-Marcet,Spain,2017,TV-MA,113
s581,Movie,Arisan 2,Nia Dinata,Indonesia,2011,TV-14,113
s821,Movie,Being Mrs Elliot,Omoni Oboli,Nigeria,2014,TV-14,113
s74,Movie,18 Presents,Francesco Amato,Italy,2020,TV-MA,114
s107,Movie,365 Days,"Barbara Białowąs, Tomasz Mandes",Poland,2020,TV-MA,114
s893,Movie,Bhoot,Ram Gopal Varma,India,2003,TV-MA,114
s273,Movie,Aashayein,Nagesh Kukunoor,India,2010,TV-14,115
s386,Movie,Ali Baba ve 7 Cüceler,Cem Yılmaz,Turkey,2015,TV-MA,115
s817,Movie,Beiimaan Love,Rajeev Chaudhari,India,2016,TV-MA,115
s108,Movie,37 Seconds,Hikari,Japan,2020,TV-MA,116
s481,Movie,Amrapali,Lekh Tandon,India,1966,TV-PG,116
s500,Movie,Ana e Vitória,Matheus Souza,Brazil,2018,TV-MA,116
s775,Movie,Bbuddah Hoga Terra Baap,Puri Jagannadh,India,2011,TV-14,116
s841,Movie,Berlin Syndrome,Cate Shortland,Australia,2017,R,116
s884,Movie,Bhai: Vyakti Ki Valli - Poorvardha,Mahesh Manjrekar,India,2019,TV-14,116
s23,Movie,​Maj Rati ​​Keteki,Santwana Bardoloi,India,2017,TV-14,117
s97,Movie,3 Days to Kill,McG,"United States, France, Serbia",2014,PG-13,117
s202,Movie,A Love Story,Maryo J. De los Reyes,Philippines,2007,TV-14,117
s266,Movie,Aagey Se Right,Indrajit Nattoji,India,2009,TV-14,117
s606,Movie,Asura Guru,A. Raajdheep,India,2020,TV-14,117
s701,Movie,Badla,Sujoy Ghosh,India,2019,TV-14,117
s702,Movie,Badland,Justin Lee,United States,2019,TV-14,117
s886,Movie,Bhaji In Problem,Smeep Kang,India,2013,TV-14,117
s9,Movie,706,Shravan Kumar,India,2019,TV-14,118
s547,Movie,Ant-Man and the Wasp,Peyton Reed,United States,2018,PG-13,118
s763,Movie,Bathinda Express,Deep Joshi,India,2016,TV-14,118
s8,Movie,187,Kevin Reynolds,United States,1997,R,119
s38,Movie,#Selfie 69,Cristina Jacob,Romania,2016,TV-MA,119
s84,Movie,20th Century Women,Mike Mills,United States,2016,R,119
s467,Movie,American History X,Tony Kaye,United States,1998,R,119
s688,Movie,Bad Boys,Michael Bay,United States,1995,R,119
s793,Movie,Beauty and the Bestie,Wenn V. Deramas,Philippines,2015,TV-14,119
s117,Movie,4th Republic,Ishaya Bako,Nigeria,2019,TV-MA,120
s305,Movie,Adú,Salvador Calvo,Spain,2020,TV-MA,120
s843,Movie,"Berlin, I Love You",,Germany,2019,R,120
s879,Movie,Beyond the Clouds,Majid Majidi,"India, Iran",2018,TV-14,120
s98,Movie,3 Deewarein,Nagesh Kukunoor,,2003,TV-MA,121
s145,Movie,93 Days,Steve Gukas,Nigeria,2016,TV-PG,121
s169,Movie,A Fall from Grace,Tyler Perry,United States,2020,TV-MA,121
s519,Movie,Angel Has Fallen,Ric Roman Waugh,United States,2019,R,121
s774,Movie,Bazaar,Sagar Sarhadi,India,1982,TV-14,121
s802,Movie,Becog Jane,Julian Jarrold,"United Kingdom, Ireland",2007,PG-13,121
s150,Movie,A Beautiful Life,Andrew Lau Wai-Keung,"China, Hong Kong",2011,TV-14,122
s246,Movie,A Twelve Year Night,Álvaro Brechner,"Uruguay, Argentina, Spain",2018,TV-MA,122
s264,Movie,Aşk Tesadüfleri Sever,Ömer Faruk Sorak,Turkey,2011,TV-MA,122
s269,Movie,Aalorukkam,V C Abhilash,India,2018,TV-PG,122
s347,Movie,Ahista Ahista,Shivam Nair,India,2006,TV-14,122
s408,Movie,All Day and a Night,Joe Robert Cole,United States,2020,R,122
s456,Movie,American Beauty,Sam Mendes,United States,1999,R,122
s553,Movie,Anthony Kaun Hai?,Raj Kaushal,India,2006,TV-14,122
s615,Movie,ATM,Mez Tharatorn,"United States, Canada",2012,TV-14,122
s719,Movie,Bang Rajan 2,Tanit Jitnukul,Thailand,2010,TV-MA,122
s729,Movie,Barça Dreams,Jordi Llompart,Spain,2015,TV-MA,122
s5,Movie,21,Robert Luketic,United States,2008,PG-13,123
s144,Movie,90 ML,Anita Udeep,India,2019,TV-MA,123
s225,Movie,A Separation,Asghar Farhadi,"Iran, France",2011,PG-13,123
s288,Movie,About Time,Richard Curtis,United Kingdom,2013,R,123
s595,Movie,Asees,Rana Ranbir,India,2018,TV-14,123
s894,Movie,Bhouri,Jasbir Bijendra Bhati,India,2017,TV-14,123
s19,Movie,15-Aug,Swapnaneel Jayakar,India,2019,TV-14,124
s100,Movie,3 Heroines,Iman Brotoseno,Indonesia,2016,TV-PG,124
s37,Movie,#Selfie,Cristina Jacob,Romania,2014,TV-MA,125
s207,Movie,A Most Violent Year,J.C. Chandor,"United Arab Emirates, United States",2014,R,125
s448,Movie,Amar's Hands,Khaled Youssef,Egypt,2011,TV-14,125
s590,Movie,Article 15,Anubhav Sinha,India,2019,TV-MA,125
s771,Movie,Bawarchi,Hrishikesh Mukherjee,India,1972,TV-PG,125
s124,Movie,5CM,Rizal Mantovani,Indonesia,2012,TV-14,126
s267,Movie,Aajcha Divas Majha,Chandrakant Kulkarni,India,2013,TV-PG,126
s654,Movie,B.A. Pass 2,Shadab Khan,India,2017,TV-14,126
s728,Movie,Bangkok Traffic (Love) Story,Adisorn Tresirikasem,Thailand,2009,TV-14,126
s905,Movie,Big Kill,Scott Martin,United States,2018,R,126
s278,Movie,Abby Sen,Atanu Ghosh,India,2015,TV-PG,127
s354,Movie,Aisa Yeh Jahaan,Biswajeet Bora,India,2015,TV-14,127
s480,Movie,Among Family,Ozan Açıktan,Turkey,2017,TV-14,127
s538,Movie,Ankur Arora Murder Case,Sohail Tatari,India,2013,TV-14,127
s656,Movie,Baaghi,Sabir Khan,India,2016,TV-14,127
s671,Movie,Baby Dolls,Vijay Kumar Arora,India,2019,TV-PG,127
s824,Movie,Belgica,"Felix Van Groeningen, Felix van Groeningen","Belgium, France",2016,TV-MA,127
s22,Movie,​Goli Soda 2,Vijay Milton,India,2018,TV-14,128
s482,Movie,Amy,Asif Kapadia,United Kingdom,2015,R,128
s515,Movie,Angamaly Diaries,Lijo Jose Pellissery,India,2017,TV-14,128
s759,Movie,Basic Instinct,Paul Verhoeven,"United States, France",1992,R,128
s128,Movie,6 Underground,Michael Bay,United States,2019,R,129
s301,Movie,Action Replayy,Vipul Amrutlal Shah,India,2010,TV-PG,129
s491,Movie,An Egyptian Story,Youssef Chahine,Egypt,1982,TV-MA,129
s648,Movie,Azhar,Anthony D'Souza,India,2016,TV-14,129
s75,Movie,1898: Our Last Men in the Philippines,Salvador Calvo,Spain,2016,R,130
s223,Movie,A Second Chance,Cathy Garcia-Molina,Philippines,2015,TV-MA,130
s229,Movie,A Silent Voice,Naoko Yamada,Japan,2016,TV-14,130
s501,Movie,Anaamika,Sekhar Kammula,India,2014,TV-14,130
s530,Movie,Animal World,Han Yan,China,2018,TV-MA,130
s564,Movie,Apostle,Gareth Evans,"United Kingdom, United States",2018,TV-MA,130
s692,Movie,Bad Genius,Nattawut Poonpiriya,Thailand,2017,TV-MA,130
s887,Movie,Bhangra Paa Le,Sneha Taurani,India,2019,TV-14,130
s284,Movie,Abhinetri,A. L. Vijay,India,2016,TV-14,131
s382,Movie,Alexandria ... Why?,Youssef Chahine,"Egypt, Algeria",1979,TV-MA,131
s750,Movie,Barcelona: A Love Untold,Olivia M. Lamasan,Philippines,2016,TV-14,132
s927,Movie,Billu,Priyadarshan,India,2009,TV-PG,132
s271,Movie,Aapla Manus,Satish Rajwade,India,2018,TV-14,133
s275,Movie,Aata Pita,Uttung Shelar,India,2010,TV-14,133
s298,Movie,Across the Universe,Julie Taymor,"United States, United Kingdom",2007,PG-13,133
s607,Movie,Asura: The City of Madness,Sung-soo Kim,South Korea,2016,NR,133
s556,Movie,Anwar,Manish Jha,India,2007,TV-14,134
s720,Movie,Bangistan,Karan Anshuman,India,2015,TV-14,134
s92,Movie,26 Years,Geun-hyun Cho,South Korea,2012,TV-MA,135
s655,Movie,Baadshaho,Milan Luthria,India,2017,TV-14,135
s280,Movie,ABCD: Any Body Can Dance,Remo D'Souza,India,2013,TV-14,136
s664,Movie,Baazaar,Gauravv K Chawla,India,2018,TV-MA,136
s136,Movie,7 Din Mohabbat In,"Meenu Gaur, Farjad Nabi",Pakistan,2018,TV-PG,137
s166,Movie,A Clockwork Orange,Stanley Kubrick,"United Kingdom, United States",1971,R,137
s509,Movie,Andhadhun,Sriram Raghavan,India,2018,TV-14,137
s786,Movie,Beasts of No Nation,Cary Joji Fukunaga,United States,2015,TV-MA,137
s660,Movie,Baahubali: The Beginning (English Version),S.S. Rajamouli,,2015,TV-14,138
s891,Movie,Bheeshma,Venky Kudumula,India,2020,TV-14,138
s522,Movie,Angels & Demons,Ron Howard,"United States, Italy",2009,PG-13,139
s593,Movie,As Good as It Gets,James L. Brooks,United States,1997,PG-13,139
s91,Movie,25 Kille,Simranjit Singh Hundal,India,2016,TV-14,140
s718,Movie,Bandie,Alo Sarkar,India,1978,TV-PG,141
s173,Movie,A Flying Jatt,Remo D'Souza,India,2016,TV-14,142
s10,Movie,1920,Vikram Bhatt,India,2008,TV-MA,143
s79,Movie,2 States,Abhishek Varman,India,2014,TV-PG,143
s667,Movie,Babel,Alejandro G. Iñárritu,"France, United States, Mexico",2006,R,143
s18,Movie,22-Jul,Paul Greengrass,"Norway, Iceland, United States",2018,R,144
s754,Movie,Barfi!,Anurag Basu,India,2012,TV-14,144
s279,Movie,ABCD 2,Remo D'Souza,India,2015,TV-14,146
s533,Movie,Anjaan,N. Linguswamy,India,2014,TV-14,146
s392,Movie,Alibaba Aur 40 Chor,"Latif Faiziyev, Umesh Mehra","Soviet Union, India",1980,TV-14,147
s689,Movie,Bad Boys II,Michael Bay,United States,2003,R,147
s137,Movie,7 Khoon Maaf,Vishal Bhardwaj,India,2011,TV-MA,148
s268,Movie,Aakhri Adaalat,Rajiv Mehra,India,1988,TV-14,148
s892,Movie,Bhool Bhulaiyaa,Priyadarshan,India,2007,TV-14,148
s16,Movie,1-Oct,Kunle Afolayan,Nigeria,2014,TV-14,149
s712,Movie,Balu Mahi,Haissam Hussain,Pakistan,2017,TV-MA,149
s867,Movie,Bewafaa,Dharmesh Darshan,India,2005,TV-PG,149
s528,Movie,ANIMA,Paul Thomas Anderson,United Kingdom,2019,TV-PG,15
s265,Movie,Aadu 2,Midhun Manuel Thomas,India,2017,TV-MA,150
s359,Movie,Ajab Prem Ki Ghazab Kahani,Rajkumar Santoshi,India,2009,TV-14,150
s636,Movie,Avengers: Infinity War,"Anthony Russo, Joe Russo",United States,2018,PG-13,150
s889,Movie,Bhavesh Joshi Superhero,Vikramaditya Motwane,India,2018,TV-14,150
s357,Movie,Aiyyaa,Sachin Kundalkar,India,2012,TV-14,151
s883,Movie,Bhagam Bhag,Priyadarshan,India,2006,TV-14,151
s355,Movie,Aitraaz,"Abbas Alibhai Burmawalla, Mastan Alibhai Burmawalla",India,2004,TV-14,153
s274,Movie,Aashik Awara,Umesh Mehra,India,1993,TV-14,154
s235,Movie,A Sun,Chung Mong-hong,Taiwan,2019,TV-MA,156
s527,Movie,Ani... Dr. Kashinath Ghanekar,Abhijeet Deshpande,India,2018,TV-14,157
s356,Movie,Aiyaary,Neeraj Pandey,India,2018,TV-MA,158
s661,Movie,Baahubali: The Beginning (Hindi Version),S.S. Rajamouli,India,2015,TV-14,159
s663,Movie,Baahubali: The Beginning (Tamil Version),S.S. Rajamouli,,2015,TV-14,159
s508,Movie,Andaz Apna Apna,Rajkumar Santoshi,India,1994,TV-14,160
s662,Movie,Baahubali: The Beginning (Malayalam Version),S.S. Rajamouli,,2015,TV-14,160
s561,Movie,Apaharan,Prakash Jha,India,2005,TV-14,161
s369,Movie,Ala Vaikunthapurramuloo,Trivikram Srinivas,India,2020,TV-14,162
s526,Movie,Angu Vaikuntapurathu (Malayalam),Trivikram Srinivas,,2020,TV-14,162
s468,Movie,American Honey,Andrea Arnold,"United Kingdom, United States",2016,R,163
s101,Movie,3 Idiots,Rajkumar Hirani,India,2009,PG-13,164
s272,Movie,Aarakshan,Prakash Jha,India,2011,TV-14,164
s657,Movie,Baahubali 2: The Conclusion (Hindi Version),S.S. Rajamouli,India,2017,TV-MA,165
s658,Movie,Baahubali 2: The Conclusion (Malayalam Version),S.S. Rajamouli,,2017,TV-14,166
s659,Movie,Baahubali 2: The Conclusion (Tamil Version),S.S. Rajamouli,,2017,TV-MA,166
s757,Movie,Barsaat,Rajkumar Santoshi,India,1995,TV-PG,166
s174,Movie,A Fortunate Man,Bille August,Denmark,2018,TV-MA,168
s600,Movie,Asoka,Santosh Sivan,India,2001,R,168
s510,Movie,Andhaghaaram,V Vignarajan,,2020,TV-14,171
s511,Movie,Andhakaaram,V Vignarajan,India,2020,TV-14,171
s447,Movie,Amar Akbar Anthony,Manmohan Desai,India,1977,TV-14,172
s344,Movie,Agneepath,Mukul Anand,India,1990,TV-14,174
s154,Movie,A Bridge Too Far,Richard Attenborough,"United States, United Kingdom",1977,PG,176
s623,Movie,Aurora,Cristi Puiu,"Romania, France, Switzerland, Germany",2010,TV-MA,186
s25,TV Show,​SAINT SEIYA: Knights of the Zodiac,,Japan,2020,TV-14,2 s
s109,TV Show,3Below: Tales of Arcadia,,United States,2019,TV-Y7,2 s
s112,TV Show,44 Cats,,Italy,2018,TV-Y7,2 s
s142,TV Show,7SEEDS,,,2020,TV-MA,2 s
s249,TV Show,A Very Secret Service,,France,2018,TV-MA,2 s
s259,TV Show,A Young Doctor's Notebook and Other Stories,,United Kingdom,2013,TV-MA,2 s
s285,TV Show,Abnormal Summit,"Jung-ah Im, Seung-uk Jo",South Korea,2017,TV-PG,2 s
s289,TV Show,Abstract: The Art of Design,,United States,2019,TV-14,2 s
s325,TV Show,After Life,,United Kingdom,2020,TV-MA,2 s
s337,TV Show,Age of Glory,,,2010,TV-MA,2 s
s350,TV Show,Ainori Love Wagon: Asian Journey,,Japan,2018,TV-MA,2 s
s361,TV Show,AJIN: Demi-Human,,Japan,2016,TV-MA,2 s
s406,TV Show,All American,,United States,2019,TV-14,2 s
s438,TV Show,Altered Carbon,,United States,2020,TV-MA,2 s
s441,TV Show,Always a Witch,,Colombia,2019,TV-14,2 s
s453,TV Show,America's Next Top Model,,United States,2013,TV-14,2 s
s476,TV Show,American Vandal,,United States,2018,TV-MA,2 s
s557,TV Show,忍者ハットリくん,,Japan,2012,TV-Y7,2 s
s566,TV Show,Aquarius,,United States,2016,TV-MA,2 s
s571,TV Show,Archibald's Next Big Thing,,,2020,TV-Y7,2 s
s575,TV Show,Are You The One,,United States,2014,TV-14,2 s
s668,TV Show,Babies,,United States,2020,TV-14,2 s
s670,TV Show,Baby Ballroom,,United Kingdom,2018,TV-MA,2 s
s686,TV Show,Bad Blood,,Canada,2019,TV-MA,2 s
s737,TV Show,Barbie Dreamhouse Adventures: Go Team Roberts,,,2020,TV-Y,2 s
s794,TV Show,Beauty and the Bitches,,,2016,TV-MA,2 s
s863,TV Show,Between,,Canada,2016,TV-14,2 s
s900,TV Show,Big Bad Beetleborgs,,"United States, France, Japan",1997,TV-G,2 s
s201,Movie,A Love Song for Latasha,Sophia Nahli Allison,United States,2020,TV-PG,20
s180,Movie,A Go! Go! Cory Carson Summer Camp,"Stanley Moore, Alex Woo",,2020,TV-Y,21
s163,Movie,A Christmas Special: Miraculous: Tales of Ladybug & Cat Noir,Thomas Astruc,"France, South Korea, Japan",2016,TV-Y7,22
s178,Movie,A Go! Go! Cory Carson Christmas,"Stanley Moore, Alex Woo",United States,2020,TV-Y,22
s179,Movie,A Go! Go! Cory Carson Halloween,"Alex Woo, Stanley Moore",,2020,TV-Y,22
s343,Movie,Aggretsuko: We Wish You a Metal Christmas,Rarecho,Japan,2018,TV-PG,22
s296,Movie,Across Grace Alley,Ralph Macchio,United States,2013,TV-PG,24
s329,Movie,After the Raid,Rodrigo Reyes,"United States, Mexico",2019,TV-PG,25
s837,Movie,Benji's Very Own Christmas Story,Joe Camp,United States,1978,TV-G,25
s234,Movie,A StoryBots Christmas,"Evan Spiridellis, Jeff Gill",United States,2017,TV-Y,26
s147,Movie,A 3 ute Hug,Everardo González,"Mexico, United States",2019,TV-PG,28
s243,Movie,A Trash Truck Christmas,Eddie Rosas,,2020,TV-Y,28
s920,Movie,Bill Hicks: One Night Stand,John Fortenberry,United Kingdom,1991,TV-MA,28
s172,Movie,A Family Reunion Christmas,Robbie Countryman,United States,2019,TV-PG,29
s772,Movie,Baxu and the Giants,Florian Schott,Namibia,2019,TV-PG,29
s65,TV Show,13 Reasons Why: Beyond the Reasons,,United States,2019,TV-MA,3 s
s226,TV Show,A Series of Unfortunate Events,,United States,2019,TV-PG,3 s
s342,TV Show,Aggretsuko,,Japan,2020,TV-14,3 s
s458,TV Show,American Crime,,United States,2017,TV-MA,3 s
s524,TV Show,Angry Birds,,Finland,2018,TV-Y7,3 s
s540,TV Show,Anne with an E,,Canada,2019,TV-PG,3 s
s596,TV Show,Ash vs. Evil Dead,,United States,2018,TV-MA,3 s
s599,TV Show,Ask the StoryBots,,United States,2019,TV-Y,3 s
s620,TV Show,Atypical,,United States,2019,TV-14,3 s
s633,TV Show,Avatar: The Last Airbender,,United States,2007,TV-Y7,3 s
s669,TV Show,Baby,,Italy,2020,TV-MA,3 s
s673,TV Show,Babylon Berlin,,Germany,2020,TV-MA,3 s
s691,TV Show,Bad Education,,United Kingdom,2014,TV-MA,3 s
s704,TV Show,BAKI,,Japan,2020,TV-MA,3 s
s736,TV Show,Barbie Dreamhouse Adventures,,"United States, Canada",2018,TV-Y,3 s
s787,TV Show,Beat Bugs,,"Australia, Canada",2018,TV-Y,3 s
s903,TV Show,"Big Dreams, Small Spaces",,United Kingdom,2017,TV-G,3 s
s925,TV Show,Bill Nye Saves the World,,United States,2018,TV-14,3 s
s238,Movie,A Tale of Two Kitchens,Trisha Ziff,"United States, Mexico",2019,TV-PG,30
s520,Movie,Angela's Christmas,Damien O’Connor,"Ireland, Canada",2018,TV-Y,30
s921,Movie,Bill Hicks: Reflections,,,2015,TV-MA,34
s68,Movie,13TH: A Conversation with Oprah Winfrey & Ava DuVernay,,,2017,,37
s326,Movie,After Maria,Nadia Hallgren,United States,2019,TV-PG,38
s1,TV Show,3%,,Brazil,2020,TV-MA,4 s
s64,TV Show,13 Reasons Why,,United States,2020,TV-MA,4 s
s381,TV Show,Alexa & Katie,,United States,2020,TV-G,4 s
s792,TV Show,Beauty & the Beast,,Canada,2016,TV-14,4 s
s820,TV Show,Being Mary Jane: The Series,,United States,2016,TV-14,4 s
s859,TV Show,Better Call Saul,,United States,2018,TV-MA,4 s
s907,TV Show,Big Mouth,,United States,2020,TV-MA,4 s
s415,Movie,All In My Family,Hao Wu,United States,2019,TV-14,40
s400,Movie,Alien Xmas,Stephen Chiodo,United States,2020,TV-Y,42
s56,Movie,100 Things to do Before High School,,United States,2014,TV-Y,44
s221,Movie,A Russell Peters Christmas,Henry Sarwer-Foner,Canada,2011,NR,44
s286,Movie,Aboable Christmas,Chad Van De Keere,United States,2012,TV-Y7,44
s451,Movie,Amelia: A Tale of Two Sisters,Edward Cotterill,United Kingdom,2017,TV-PG,44
s854,Movie,"Best Wishes, Warmest Regards: A Schitt's Creek Farewell",Amy Segal,Canada,2020,TV-MA,44
s433,Movie,Alpha and Omega 2: A Howl-iday Adventure,Richard Rich,United States,2013,TV-G,45
s434,Movie,Alpha and Omega: The Legend of the Saw Tooth Cave,Richard Rich,"United States, India",2014,TV-Y7,45
s521,Movie,Angela's Christmas Wish,Damien O’Connor,United States,2020,TV-Y,48
s624,Movie,Auschwitz: Blueprints of Genocide,Mike Rossiter,United Kingdom,1994,TV-PG,49
s412,TV Show,All Hail King Julien,,United States,2017,TV-Y7,5 s
s435,TV Show,Alphablocks,,United Kingdom,2014,TV-Y,5 s
s550,TV Show,Anthony Bourdain: Parts Unknown,,United States,2018,TV-PG,5 s
s584,TV Show,Arrested Development,,United States,2019,TV-MA,5 s
s762,TV Show,Bates Motel,,United States,2017,TV-MA,5 s
s379,Movie,Alex Fernández: The Best Comedian in the World,Alex Díaz,Mexico,2020,TV-MA,51
s788,Movie,Beat Bugs: All Together Now,Josh Wakely,"Australia, Canada",2017,TV-Y,51
s781,Movie,Beak & Brain: Genius Birds From Down Under,"Volker Arzt, Angelika Sigl",Germany,2013,TV-G,52
s783,Movie,Beary Tales,,United States,2013,TV-G,52
s102,Movie,3 Seconds Divorce,Shazia Javed,Canada,2018,TV-PG,53
s460,Movie,American Experience: Ruby Ridge,Barak Goodman,United States,2017,TV-MA,53
s462,Movie,American Experience: The Island Murder,Mark Zwonitzer,United States,2018,TV-14,53
s371,Movie,Alan Saldaña: Mi vida de pobre,"Raúl Campos, Jan Suter",Mexico,2017,TV-MA,54
s391,Movie,"Alias JJ, la celebridad del mal",,,2017,TV-MA,54
s578,Movie,Ari Eldjárn: Pardon My Icelandic,August Jakobsson,Iceland,2020,TV-MA,54
s470,Movie,American Masters: Ted Williams,Nick Davis,United States,2018,TV-MA,55
s36,Movie,#Rucker50,Robert McCullough Jr.,United States,2016,TV-PG,56
s862,Movie,Betty White: First Lady of Television,Steve Boettcher,United States,2018,TV-14,56
s923,Movie,Bill Hicks: Revelations,Chris Bould,United Kingdom,1993,TV-MA,56
s248,Movie,A Very Murray Christmas,Sofia Coppola,United States,2015,TV-14,57
s484,Movie,Amy Schumer: The Leather Special,Amy Schumer,United States,2017,TV-MA,57
s848,Movie,Bert Kreischer: Secret Time,Todd Biermann,,2018,TV-MA,57
s649,Movie,Aziz Ansari Live at Madison Square Garden,Aziz Ansari,United States,2015,TV-MA,58
s182,Movie,A Grand Night In: The Story of Aardman,Richard Mears,United Kingdom,2015,TV-PG,59
s306,Movie,Adam Devine: Best Time of Our Lives,Jay Karas,United States,2019,TV-MA,59
s311,Movie,Adel Karam: Live from Beirut,,United States,2018,TV-MA,59
s552,Movie,Anthony Jeselnik: Thoughts and Prayers,Adam Dubin,United States,2015,TV-MA,59
s878,Movie,Beyond the Boundary: ICC Women's T20 World Cup Australia 2020,Anna Stone,,2020,TV-G,59
s345,Movie,Agustín Aristarán: Soy Rada,Mariano Baez,Argentina,2018,TV-MA,60
s376,Movie,Alejandro Riaño: Especial de stand up,,Colombia,2018,TV-MA,60
s387,Movie,Ali Wong: Baby Cobra,Jay Karas,United States,2016,TV-MA,60
s555,Movie,Antoine Griezmann: The Making of a Legend,,,2019,TV-PG,60
s483,Movie,Amy Schumer Growing,Amy Schumer,United States,2019,TV-MA,61
s674,Movie,Bachelor Girls,Shikha Makan,India,2016,TV-MA,61
s922,Movie,Bill Hicks: Relentless,Chris Bould,United Kingdom,1992,TV-MA,61
s569,Movie,Arango y Sanint: Ríase el show,"Raúl Campos, Jan Suter",Colombia,2018,TV-MA,62
s847,Movie,Bert Kreischer: Hey Big Boy,Jeff Tomsic,United States,2020,TV-MA,62
s313,Movie,Aditi Mittal: Things They Wouldn't Let Me Say,Fazila Allana,India,2017,TV-MA,63
s321,Movie,Afonso Padilha: Classless,"Junior Carelli, Rudge Campos",Brazil,2020,TV-MA,63
s396,Movie,Alien Contact: Outer Space,J. Michael Long,United States,2017,TV-PG,63
s586,Movie,Arsenio Hall: Smart & Classy,Brian Volk-Weiss,United States,2019,TV-MA,63
s890,Movie,Bheemayan,Rajiv Chilaka,,2018,TV-Y,63
s388,Movie,Ali Wong: Hard Knock Wife,Jay Karas,United States,2018,TV-MA,64
s536,Movie,Anjelah Johnson: Not Fancy,Jay Karas,United States,2015,TV-14,64
s551,Movie,Anthony Jeselnik: Fire in the Maternity Ward,Marcus Raboy,United States,2019,TV-MA,64
s735,Movie,Barbie Dolphin Magic,Conrad Helten,"United States, Canada",2017,TV-Y,64
s549,Movie,Antariksha Ke Rakhwale,Anirban Majumder,,2018,TV-Y7,65
s651,Movie,Aziz Ansari: RIGHT NOW,Spike Jonze,United States,2019,TV-MA,65
s916,Movie,Bill Burr: Let It Go,Shannon Hartman,United States,2010,NR,65
s917,Movie,Bill Burr: Paper Tiger,Mike Binder,"United States, United Kingdom",2019,TV-MA,67
s168,Movie,A Fairly Odd Summer,Savage Steve Holland,United States,2014,TV-Y7,68
s910,Movie,Big Time Movie,Savage Steve Holland,"United States, Canada",2012,TV-PG,68
s384,Movie,Alexis Viera: A Story of Surviving,Luis Ara,Uruguay,2019,TV-MA,69
s919,Movie,Bill Burr: You People Are All the Same,Jay Karas,United States,2012,TV-MA,69
s94,Movie,27: Gone Too Soon,Simon Napier-Bell,United Kingdom,2017,TV-MA,70
s849,Movie,Bert Kreischer: The Machine,Ryan Polito,United States,2016,TV-MA,70
s494,Movie,An Imperfect Murder,James Toback,United States,2017,R,71
s478,Movie,Amit Tandon: Family Tandoncies,,India,2019,TV-14,72
s543,Movie,Another Forever,Juan Zapata,"Brazil, Netherlands, United States, Colombia, Austria, Germany",2016,TV-PG,72
s742,Movie,Barbie Princess Adventure,Conrad Helten,United States,2020,TV-Y,72
s744,Movie,Barbie: A Fairy Secret,William Lau,United States,2010,TV-Y7,72
s748,Movie,Barbie: Video Game Hero,"Conrad Helten, Ezekiel Norton, Michael Goguen",United States,2017,TV-Y,72
s634,Movie,Ave Maryam,Ertanto Robby Soediskam,Indonesia,2018,TV-PG,73
s646,Movie,"Ayotzinapa, el paso de la tortuga",Enrique García Meza,Mexico,2018,TV-MA,73
s796,Movie,Bebe's Kids,Bruce W. Smith,United States,1992,PG-13,73
s308,Movie,ADAM SANDLER 100% FRESH,Steve Brill,United States,2018,TV-MA,74
s734,Movie,Barbie & Her Sisters in a Pony Tale,Kyran Kelly,United States,2013,TV-Y,74
s738,Movie,Barbie in A Mermaid Tale,Adam Wood,United States,2010,TV-Y,74
s739,Movie,Barbie in Princess Power,Zeke Norton,United States,2015,TV-Y,74
s827,Movie,Belmonte,Federico Veiroj,"Uruguay, Spain, Mexico",2018,TV-MA,74
s888,Movie,Bhasmasur,Nishil Sheth,India,2017,TV-14,74
s57,Movie,100 Years: One Woman's Fight for Justice,Melinda Janko,United States,2016,TV-14,75
s126,Movie,6 Balloons,Marja Lewis Ryan,United States,2018,TV-MA,75
s439,Movie,Altered Carbon: Resleeved,"Takeru Nakajima, Yoshiyuki Okada","Japan, United States",2020,TV-MA,75
s487,Movie,An American Tail: Fievel Goes West,"Phil Nibbelink, Simon Wells",United States,1991,G,75
s488,Movie,An American Tail: The Mystery of the Night Monster,Larry Latham,United States,1999,G,75
s710,Movie,Balto 2: Wolf Quest,Phil Weinstein,United States,2001,G,75
s746,Movie,Barbie: Spy Squad,Conrad Helten,"United States, Canada",2016,TV-Y,75
s747,Movie,Barbie: The Princess & the Popstar,Ezekiel Norton,United States,2012,TV-Y,75
s797,Movie,Because of Soccer,"Agasyah Karim, Khalid Kashogi",Indonesia,2008,TV-14,75
s209,Movie,A new Capitalism,,Brazil,2017,TV-14,76
s819,Movie,Being Elmo: A Puppeteer's Journey,Constance Marks,United States,2011,PG,76
s134,Movie,7 años,Roger Gual,Spain,2016,TV-MA,77
s262,Movie,A.M.I.,Rusty Nixon,Canada,2019,TV-MA,77
s765,Movie,Batman: The Killing Joke,Sam Liu,United States,2016,R,77
s844,Movie,Berserk: The Golden Age Arc I - The Egg of the King,Toshiyuki Kubooka,Japan,2012,TV-MA,77
s853,Movie,Best of Stand-Up 2020,,,2020,TV-MA,77
s3,Movie,23:59,Gilbert Chan,Singapore,2011,R,78
s709,Movie,Balto,Simon Wells,United States,1995,G,78
s711,Movie,Balto 3: Wings of Change,Phil Weinstein,United States,2004,G,78
s918,Movie,Bill Burr: Walk Your Way Out,Jay Karas,United States,2017,TV-MA,78
s403,Movie,All About Love,Adze Ugah,South Africa,2017,TV-MA,79
s489,Movie,An American Tail: The Treasures of Manhattan Island,Larry Latham,United States,2000,G,79
s568,Movie,"Aram, Aram",Christopher Chambers,United States,2015,TV-14,79
s743,Movie,Barbie Star Light Adventure,"Andrew Tan, Michael Goguen",United States,2016,TV-Y,79
s585,TV Show,Arrow,James Bamford,United States,2019,TV-14,8 s
s4,Movie,9,Shane Acker,United States,2009,PG-13,80
s129,Movie,6 Years,Hannah Fidell,United States,2015,TV-MA,80
s185,Movie,A Haunting at Silver Falls: The Return,Teo Konuralp,United States,2019,TV-14,80
s485,Movie,An American in Madras,Karan Bali,India,2013,TV-PG,80
s486,Movie,An American Tail,Don Bluth,United States,1986,G,80
s567,Movie,Arès,Jean-Patrick Benes,France,2016,TV-MA,80
s650,Movie,Aziz Ansari: Buried Alive,"Will Lovelace, Dylan Southern",United States,2013,TV-MA,80
s745,Movie,Barbie: Princess Charm School,Ezekiel Norton,"United States, Canada",2011,TV-Y,80
s40,Movie,"¡Ay, mi madre!",Frank Ariza,Spain,2019,TV-MA,81
s111,Movie,42 Grams,Jack C. Newell,United States,2017,TV-MA,81
s367,Movie,Al acecho,Francisco D'Eufemia,,2019,TV-MA,81
s454,Movie,American Anarchist,Charlie Siskel,United States,2016,TV-MA,81
s573,Movie,Arctic Heart,Marie Madinier,"France, Belgium",2016,TV-14,81
s608,Movie,At All Costs,Mike Nicoll,United States,2016,TV-MA,81
s795,Movie,Beavis and Butt-head Do America,Mike Judge,United States,1996,PG-13,81
s915,Movie,Bill Burr: I'm Sorry You Feel That Way,Jay Karas,United States,2014,TV-MA,81
s924,Movie,Bill Hicks: Sane Man,"Kevin Booth, David Johndrow",United States,1989,TV-MA,81
s93,Movie,"27, el club de los malditos",Nicanor Loreti,Argentina,2018,TV-MA,82
s211,Movie,A Night at the Roxbury,John Fortenberry,United States,1998,PG-13,82
s842,Movie,"Berlin, Berlin: Lolle on the Run",Franziska Meyer Price,Germany,2020,TV-MA,82
s105,Movie,30 utes or Less,Ruben Fleischer,United States,2011,R,83
s224,Movie,A Secret Love,Chris Bolan,United States,2020,TV-14,83
s373,Movie,Alaska Is a Drag,Shaz Bennett,United States,2017,TV-MA,83
s411,Movie,All Good Ones Get Away,Víctor García,"Spain, Italy",2019,TV-MA,83
s498,Movie,An Unremarkable Christmas,Juan Camilo Pinzon,Colombia,2020,TV-14,83
s601,Movie,Asperger's Are Us,Alex Lehmann,United States,2016,TV-MA,83
s696,Movie,Bad Match,David Chirchirillo,"Singapore, United States",2017,TV-MA,83
s697,Movie,Bad Rap,Salima Koroma,"United States, Canada",2016,TV-MA,83
s740,Movie,Barbie in Rock 'N Royals,Karen J. Lloyd,United States,2015,TV-Y,83
s865,Movie,Between Two Ferns: The Movie,Scott Aukerman,United States,2019,TV-MA,83
s26,Movie,(T)ERROR,"Lyric R. Cabral, David Felix Sutcliffe",United States,2015,NR,84
s71,Movie,14 utes from Earth,"Adam Davis, Jerry Kolber, Trey Nelson, Erich Sturm",United States,2016,TV-MA,84
s114,Movie,48 Christmas Wishes,"Marco Deufemia, Justin G. Dyck",Canada,2017,TV-G,84
s247,Movie,A Very Country Christmas,Justin G. Dyck,"United States, Canada",2017,TV-G,84
s352,Movie,Ainu Mosir,Takeshi Fukunaga,"United States, Japan",2020,TV-PG,84
s416,Movie,All Light Will End,Chris Blake,United States,2018,TV-MA,84
s471,Movie,American Murder: The Family Next Door,Jenny Popplewell,United States,2020,TV-MA,84
s679,Movie,Back to School,"Rémy Four, Julien War",,2019,TV-MA,84
s715,Movie,Banana Split,Ben Kasulke,United States,2020,TV-MA,84
s161,Movie,A Christmas Prince: The Royal Baby,John Schultz,United States,2019,TV-PG,85
s245,Movie,A truthful Mother,Ravishankar Venkateswaran,India,2020,TV-Y7,85
s374,Movie,Albert Pinto Ko Gussa Kyun Aata Hai?,Soumitra Ranade,India,2019,TV-MA,85
s409,Movie,All Dogs Go to Heaven,"Don Bluth, Gary Goldman, Dan Kuenster","Ireland, United Kingdom, United States",1989,G,85
s499,Movie,An Upper Egyptian,"Ismail Farouk, Hazem Fouda",Egypt,2014,TV-MA,85
s831,Movie,Ben Platt Live from Radio City Music Hall,"Alex Timbers, Sam Wrench",United States,2020,TV-PG,85
s116,Movie,4th Man Out,Andrew Nackman,United States,2015,NR,86
s165,Movie,A Cinderella Story: Christmas Wish,Michelle Johnston,United States,2019,PG,86
s177,Movie,A Glimpse Inside the d of Charles Swan III,Roman Coppola,United States,2012,R,86
s184,Movie,A Haunted House,Michael Tiddes,United States,2013,R,86
s318,Movie,Adventures in Public School,Kyle Rideout,"Canada, United States",2018,NR,86
s562,Movie,APEX: The Story of the Hypercar,"J.F. Musial, Josh Vietze",United States,2016,NR,86
s676,Movie,Back of the Net,Louise Alston,Australia,2019,TV-Y,86
s810,Movie,Before the Summer Crowds,Mohamed Khan,Egypt,2016,TV-14,86
s914,Movie,"Bikram: Yogi, Guru, Predator",Eva Orner,United States,2019,TV-MA,86
s20,Movie,'89,,United Kingdom,2017,TV-PG,87
s49,Movie,10 Days in Sun City,Adze Ugah,"South Africa, Nigeria",2017,TV-14,87
s159,Movie,A Christmas Catch,,Canada,2018,TV-G,87
s194,Movie,A Leaf of Faith,Chris Bell,United States,2018,TV-MA,87
s228,Movie,A Shaun the Sheep Movie: Farmageddon,"Richard Phelan, Will Becher","United Kingdom, France, Belgium, United States, China",2020,G,87
s294,Movie,Accident,Cheang Pou Soi,Hong Kong,2009,TV-MA,87
s302,Movie,Acts of Vengeance,Isaac Florentine,"Bulgaria, United States",2017,R,87
s303,Movie,Acts of Violence,Brett Donowho,Canada,2018,R,87
s328,Movie,After Porn Ends 3,Brittany Andrews,United States,2018,TV-MA,87
s395,Movie,Alice Junior,Gil Baroni,Brazil,2019,TV-MA,87
s493,Movie,An Hour and a Half,Wael Ehsan,Egypt,2012,TV-14,87
s563,Movie,Apollo 18,Gonzalo López-Gallego,"United States, Canada",2011,PG-13,87
s574,Movie,Are We Done Yet?,Khaled El Halafawy,Egypt,2018,TV-14,87
s693,Movie,Bad Grandpa .5,Jeff Tremaine,United States,2014,TV-MA,87
s764,Movie,Bathtubs Over Broadway,Dava Whisenant,United States,2018,PG-13,87
s835,Movie,Benji,Brandon Camp,"United Arab Emirates, United States",2018,TV-PG,87
s901,Movie,Big Bear,Joey Kern,United States,2017,TV-MA,87
s283,Movie,"Abdullah, The Final Witness",Hashim Nadeem Khan,Pakistan,2016,TV-14,88
s297,Movie,Across The Line,Julien Christian Lutz,Canada,2015,TV-MA,88
s378,Movie,Alelí,Leticia Jorge Romero,"Uruguay, Argentina",2019,TV-MA,88
s398,Movie,Alien Warfare,Jeremiah Jones,United States,2019,TV-MA,88
s531,Movie,Animas,"Laura Alvea, José Ortuño","Spain, Belgium",2018,TV-MA,88
s619,Movie,Attitude Test,"Fabrizio Copano, Augusto Matte",Chile,2016,TV-14,88
s635,Movie,Avengement,Jesse V. Johnson,United Kingdom,2019,TV-MA,88
s731,Movie,Barakah Meets Barakah,Mahmoud Sabbagh,Saudi Arabia,2016,TV-MA,88
s777,Movie,Be Somebody,Joshua Caldwell,United States,2016,PG,88
s822,Movie,Being Napoleon,"Jesse Handsher, Olivier Roland",United States,2018,TV-MA,88
s904,Movie,Big Fat Liar,Shawn Levy,"United States, Germany",2002,PG,88
s14,Movie,"2,215",Nottapon Boonprakob,Thailand,2018,TV-MA,89
s47,Movie,1 Chance 2 Dance,Adam Deyoe,United States,2014,TV-PG,89
s60,Movie,1000 Rupee Note,Shrihari Sathe,India,2014,TV-14,89
s70,Movie,14 Cameras,"Scott Hussion, Seth Fuller",United States,2018,TV-MA,89
s190,Movie,A Kid from Coney Island,"Coodie, Chike","United States, China",2019,TV-MA,89
s232,Movie,A Sort of Homecog,Maria Burton,United States,2015,TV-PG,89
s293,Movie,Acapulco La vida va,Alfonso Serrano Maturino,Mexico,2016,TV-MA,89
s333,Movie,Aftershock,Nicolás López,"United States, Chile",2012,R,89
s402,Movie,Alive and Kicking,Susan Glatzer,"Sweden, United States",2016,TV-14,89
s558,Movie,Apache Warrior,"David Salzberg, Christian Tureaud",United States,2017,TV-MA,89
s583,Movie,ARQ,Tony Elliott,"Canada, United States",2016,TV-MA,89
s647,Movie,Azali,Kwabena Gyansah,Ghana,2018,TV-14,89
s782,Movie,Bean: The Ultimate Disaster Movie,Mel Smith,"United Kingdom, United States",1997,PG-13,89
s800,Movie,Becog,Nadia Hallgren,United States,2020,PG,89
s469,TV Show,American Horror Story,,United States,2019,TV-MA,9 s
s31,Movie,#cats_the_mewvie,Michael Margolis,Canada,2020,TV-14,90
s61,Movie,12 ROUND GUN,Sam Upton,United States,2017,TV-MA,90
s63,Movie,13 Cameras,Victor Zarcoff,United States,2015,NR,90
s76,Movie,1BR,David Marmor,United States,2019,TV-MA,90
s156,Movie,A Champion Heart,David de Vos,United States,2018,G,90
s210,Movie,A New York Christmas Wedding,Otoja Abit,United States,2020,TV-MA,90
s282,Movie,Abducted in Plain Sight,Skye Borgman,United States,2017,TV-14,90
s292,Movie,Abzurdah,Daniela Goggi,Argentina,2015,TV-MA,90
s319,Movie,Aerials,S.A. Zaidi,United Arab Emirates,2016,TV-14,90
s401,Movie,Aliens Ate My Homework,Sean McNamara,United States,2018,PG,90
s421,Movie,All the Freckles in the World,Yibrán Asuad,Mexico,2020,TV-14,90
s422,Movie,All The Reasons To Forget,Pedro Coutinho,Brazil,2017,TV-MA,90
s425,Movie,Alles ist gut,Eva Trobisch,Germany,2019,TV-MA,90
s436,Movie,AlphaGo,Greg Kohs,United States,2017,TV-G,90
s475,Movie,American Son,Kenny Leon,United States,2019,TV-MA,90
s514,Movie,Anesthesia,Tim Blake Nelson,United States,2015,R,90
s554,Movie,Antidote,Ken Barbet,United States,2018,TV-MA,90
s594,Movie,Ascharyachakit!,Samit Kakkad,India,2018,TV-MA,90
s627,Movie,Austin Powers: International Man of Mystery,Jay Roach,United States,1997,PG-13,90
s685,Movie,Backtrack,Michael Petroni,"Australia, United Kingdom, United Arab Emirates, Canada",2015,R,90
s825,Movie,Belief: The Possession of Janet Moses,David Stubbs,New Zealand,2015,TV-MA,90
s832,Movie,Benchwarmers 2: Breaking Balls,Jon Rosenbaum,United States,2019,PG-13,90
s834,Movie,Beneath the Leaves,Adam Marino,United States,2019,TV-MA,90
s909,Movie,Big Time,Kaspar Astrup Schröder,Denmark,2017,TV-MA,90
s15,Movie,3022,John Suits,United States,2019,R,91
s80,Movie,20 Feet From Stardom,Morgan Neville,United States,2013,PG-13,91
s104,Movie,30 Days of Luxury,Hani Hamdi,Egypt,2016,TV-14,91
s208,Movie,A Murder in the Park,"Christopher S. Rech, Brandon Kimber",United States,2014,PG-13,91
s218,Movie,A Princess for Christmas,Michael Damian,United States,2011,TV-PG,91
s253,Movie,A Week in Watts,Gregory Caruso,United States,2017,TV-14,91
s255,Movie,A Witches' Ball,Justin G. Dyck,Canada,2017,PG,91
s310,Movie,Addicted to Life,Thierry Donard,France,2014,TV-14,91
s348,Movie,Ai Weiwei: Never Sorry,Alison Klayman,United States,2012,R,91
s418,Movie,All the Boys Love Mandy Lane,Jonathan Levine,United States,2006,R,91
s497,Movie,An Ordinary Man,Brad Silberling,"Serbia, United States",2017,R,91
s582,Movie,Arjun: The Warrior Prince,Arnab Chaudhuri,India,2011,TV-14,91
s609,Movie,At First Light,Jason Stone,Canada,2018,TV-14,91
s638,Movie,Await Further Instructions,Johnny Kevorkian,United Kingdom,2018,TV-MA,91
s700,Movie,Badha,"Sumitra Bhave, Sunil Sukthankar",India,2006,TV-14,91
s755,Movie,Barrio Universitario,Esteban Vidal,Chile,2013,TV-14,91
s828,Movie,Below Her Mouth,April Mullen,Canada,2016,TV-MA,91
s866,Movie,Between Worlds,Maria Pulera,Spain,2018,R,91
s99,Movie,3 Generations,Gaby Dellal,United States,2015,PG-13,92
s119,Movie,5 Flights Up,Richard Loncraine,United States,2014,PG-13,92
s160,Movie,A Christmas Prince,Alex Zamm,United States,2017,TV-PG,92
s176,Movie,A Ghost Story,David Lowery,United States,2017,R,92
s187,Movie,A Holiday Engagement,Jim Fall,United States,2011,TV-G,92
s188,Movie,A Home with A View,Herman Yau,Hong Kong,2019,TV-MA,92
s213,Movie,A Patch of Fog,Michael Lennox,United Kingdom,2015,TV-MA,92
s241,Movie,A Thousand Words,Brian Robbins,United States,2012,PG-13,92
s317,Movie,Advantageous,Jennifer Phang,United States,2015,TV-MA,92
s335,Movie,Agatha and the Truth of Murder,Terry Loane,United Kingdom,2018,TV-MA,92
s414,Movie,All Hallows' Eve,Charlie Vaughn,United States,2016,TV-G,92
s428,Movie,Almost Love,Mike Doyle,United States,2020,TV-MA,92
s443,Movie,Amanda Knox,"Rod Blackhurst, Brian McGinn","Denmark, United States",2016,TV-MA,92
s446,Movie,Amar Akbar & Tony,Atul Malhotra,United Kingdom,2015,TV-MA,92
s539,Movie,Annabelle Hooper and the Ghosts of Nantucket,Paul Serafini,United States,2016,TV-PG,92
s639,Movie,Awake,"Aleksandr Chernyaev, Fedor Lyass",United States,2019,TV-MA,92
s682,Movie,Backcountry,Adam MacDonald,Canada,2014,NR,92
s791,Movie,Beauties of the Night,María Jose Cuevas,Mexico,2016,TV-MA,92
s804,Movie,Bee Movie,"Steve Hickner, Simon J. Smith","United States, Australia",2007,PG,92
s845,Movie,Berserk: The Golden Age Arc II - The Battle for Doldrey,Toshiyuki Kubooka,Japan,2012,TV-MA,92
s2,Movie,7:19,Jorge Michel Grau,Mexico,2016,TV-MA,93
s45,Movie,Æon Flux,Karyn Kusama,United States,2005,PG-13,93
s53,Movie,100 Days Of Solitude,,Spain,2018,TV-MA,93
s66,Movie,13 Sins,Daniel Stamm,United States,2014,R,93
s85,Movie,21 & Over,"Jon Lucas, Scott Moore",United States,2013,R,93
s90,Movie,24 Hours to Live,Brian Smrz,"South Africa, China, United States",2017,R,93
s103,Movie,3 Türken & ein Baby,Sinan Akkuş,Germany,2015,TV-MA,93
s106,Movie,300 Miles to Heaven,Maciej Dejczer,"Denmark, France, Poland",1989,TV-14,93
s110,Movie,40 Sticks,Victor Gatonye,Kenya,2019,TV-14,93
s162,Movie,A Christmas Prince: The Royal Wedding,John Schultz,United States,2018,TV-PG,93
s183,Movie,A Gray State,Erik Nelson,United States,2017,TV-MA,93
s195,Movie,A Life of Speed: The Juan Manuel Fangio Story,Francisco Macri,Argentina,2020,TV-14,93
s327,Movie,After Porn Ends,Bryce Wagoner,United States,2012,NR,93
s490,Movie,An Easy Girl,Rebecca Zlotowski,France,2019,TV-MA,93
s572,Movie,Arctic Dogs,Aaron Woodley,"India, United Kingdom, China, Canada, Japan, South Korea, United States",2019,PG,93
s592,Movie,"As Above, So Below",John Erick Dowdle,United States,2014,R,93
s902,Movie,Big Daddy,Dennis Dugan,United States,1999,PG-13,93
s77,Movie,1st Summoning,Raymond Wood,United States,2018,TV-MA,94
s127,Movie,6 Days,Toa Fraser,"New Zealand, United Kingdom",2017,R,94
s152,Movie,A Boy Called Po,John Asher,United States,2016,PG,94
s157,Movie,A Chaster Marriage,Umut Kirca,Turkey,2016,TV-14,94
s216,Movie,A Perfect Man,Kees Van Oostrum,United States,2013,R,94
s220,Movie,A Remarkable Tale,Marina Seresesky,Spain,2019,TV-MA,94
s331,Movie,Aftermath,Elliott Lester,"United Kingdom, United States",2017,R,94
s372,Movie,Alarmoty in the Land of Fire,,Egypt,2017,TV-MA,94
s423,Movie,All Together Now,Brett Haley,United States,2020,PG,94
s603,Movie,Assimilate,John Murlowski,United States,2019,TV-MA,94
s626,Movie,Austin Powers in Goldmember,Jay Roach,United States,2002,PG-13,94
s716,Movie,Band Aid,Zoe Lister-Jones,United States,2017,R,94
s768,Movie,Battle Drone,Mitch Gould,United States,2018,TV-MA,94
s838,Movie,Bennett's War,Alex Ranarivelo,United States,2019,PG-13,94
s7,Movie,122,Yasir Al Yasiri,Egypt,2019,TV-MA,95
s29,Movie,#AnneFrank - Parallel Stories,"Sabina Fedeli, Anna Migotto",Italy,2019,TV-14,95
s83,Movie,2036 Origin Unknown,Hasraf Dulull,United Kingdom,2018,TV-14,95
s146,Movie,A 2nd Chance,Clay Glen,Australia,2011,PG,95
s164,Movie,A Cinderella Story,Mark Rosman,"United States, Canada",2004,PG,95
s193,Movie,A Land Imagined,Yeo Siew Hua,"France, Netherlands, Singapore",2019,TV-MA,95
s233,Movie,A Stoning in Fulham County,Larry Elikann,United States,1988,TV-14,95
s270,Movie,Aamir,Raj Kumar Gupta,India,2008,TV-14,95
s426,Movie,AllI Wish,Susan Walter,United States,2017,R,95
s466,Movie,American Heist,Sarik Andreasyan,"Canada, Luxembourg",2014,R,95
s513,Movie,Anelka: Misunderstood,Franck Nataf,France,2020,TV-14,95
s628,Movie,Austin Powers: The Spy Who Shagged Me,Jay Roach,United States,1999,PG-13,95
s675,Movie,Back and Forth,José Eduardo Belmonte,Brazil,2016,NR,95
s717,Movie,Band of Robbers,"Aaron Nee, Adam Nee",United States,2015,NR,95
s730,Movie,Barah Aana,Raja Menon,India,2009,TV-14,95
s912,Movie,Bigger Fatter Liar,Ron Oliver,United States,2017,PG,95
s120,Movie,5 Star Christmas,Marco Risi,Italy,2018,TV-14,96
s125,Movie,5Gang,Matei Dima,Romania,2019,TV-14,96
s132,Movie,68 Kill,Trent Haaga,United States,2017,R,96
s191,Movie,A Kind of Murder,Andy Goddard,United States,2016,R,96
s231,Movie,A Sort of Family,Diego Lerman,"Argentina, Brazil, France, Poland, Germany, Denmark",2017,TV-14,96
s309,Movie,Adam: His Song Continues,Robert Markowitz,United States,1986,TV-MA,96
s315,Movie,Adrift,Baltasar Kormákur,"Hong Kong, Iceland, United States",2018,PG-13,96
s449,Movie,Amateur,Ryan Koo,United States,2018,TV-MA,96
s473,Movie,American Pie 9: Girls' Rules,Mike Elliott,United States,2020,R,96
s814,Movie,Behind the Curve,Daniel J. Clark,United States,2018,TV-14,96
s41,Movie,Çarsi Pazar,Muharrem Gülmez,Turkey,2015,TV-14,97
s50,Movie,10 jours en or,Nicolas Brossette,France,2012,TV-14,97
s78,Movie,2 Alone in Paris,"Ramzy Bedia, Éric Judor",France,2008,TV-MA,97
s121,Movie,5 to 7,Victor Levin,United States,2014,R,97
s204,Movie,A Mighty Team,Thomas Sorriaux,France,2016,TV-MA,97
s346,Movie,Agyaat,Ram Gopal Varma,India,2009,TV-14,97
s353,Movie,Airplane Mode,César Rodrigues,United States,2020,TV-PG,97
s496,Movie,An Interview with God,Perry Lang,United States,2018,TV-PG,97
s504,Movie,Anchor Baby,Lonzo Nzekwe,"Canada, Nigeria",2010,TV-MA,97
s629,Movie,Autohead,Rohit Mittal,India,2016,TV-MA,97
s632,Movie,Ava,Tate Taylor,United States,2020,R,97
s637,Movie,Avicii: True Stories,Levan Tsikurishvili,"Sweden, Netherlands",2017,TV-MA,97
s684,Movie,Backfire,Dave Patten,United States,2019,TV-MA,97
s808,Movie,Before I Wake,Mike Flanagan,United States,2016,PG-13,97
s809,Movie,Before the Flood,Fisher Stevens,United States,2016,PG,97
s855,Movie,Best Worst Thing That Ever Could Have Happened,Lonny Price,United States,2016,TV-MA,97
s895,Movie,Bibi & Tina,Detlev Buck,Germany,2014,TV-PG,97
s926,Movie,Bill Nye: Science Guy,"Jason Sussberg, David Alvarado",United States,2017,TV-PG,97
s205,Movie,A Mission in an Old Movie,Ahmad El-Badri,,2012,TV-MA,98
s237,Movie,A Tale of Love and Darkness,Natalie Portman,"Israel, United States",2015,PG-13,98
s440,Movie,Always a Bridesmaid,Trey Haley,United States,2019,TV-14,98
s580,Movie,"Ariana grande: excuse me, i love you",Paul Dugdale,United States,2020,TV-MA,98
s589,Movie,Arthur Christmas,Sarah Smith,"United Kingdom, United States",2011,PG,98
s672,Movie,Baby Mamas,Stephanie Zwane,South Africa,2018,TV-14,98
s766,Movie,Battle,Katarina Launing,"Norway, Denmark, Netherlands, Sweden",2018,TV-MA,98
s807,Movie,Before I Fall,Ry Russo-Young,United States,2017,PG-13,98
s852,Movie,Best Neighbors,Tamer Bassiouni,,2014,TV-14,98
s875,Movie,Beyond All Boundaries,Sushrut Jain,"United States, India",2013,TV-14,98
s28,Movie,#Alive,Cho Il,South Korea,2020,TV-MA,99
s34,Movie,#realityhigh,Fernando Lebrija,United States,2017,TV-14,99
s43,Movie,Çok Filim Hareketler Bunlar,Ozan Açıktan,Turkey,2010,TV-MA,99
s122,Movie,50 First Dates,Peter Segal,United States,2004,PG-13,99
s148,Movie,A Babysitter's Guide to Monster Hunting,Rachel Talalay,United States,2020,TV-PG,99
s244,Movie,A Trip to Jamaica,Robert O. Peters,Nigeria,2016,TV-MA,99
s263,Movie,A.X.L.,Oliver Daly,United States,2018,PG,99
s316,Movie,Adrishya,Sandeep Chatterjee,India,2017,TV-14,99
s424,Movie,"All's Well, End's Well (2009)",Vincent Kok,Hong Kong,2009,TV-14,99
s465,Movie,American Hangman,Wilson Coneybeare,Canada,2019,TV-MA,99
s621,Movie,Audrie & Daisy,"Bonni Cohen, Jon Shenk",United States,2016,TV-MA,99
s653,Movie,B.A. Pass,Ajay Bahl,India,2013,TV-14,99
s690,Movie,Bad Day for the Cut,Chris Baugh,United Kingdom,2017,TV-MA,99
s753,Movie,Barely Lethal,Kyle Newman,United States,2015,PG-13,99
s799,Movie,Because We're Heading Out,Khaled El Halafawy,Egypt,2016,TV-14,99
s818,Movie,Being AP,Anthony Wonke,United Kingdom,2015,TV-14,99
s840,Movie,Berlin Kaplani,Hakan Algül,Turkey,2012,TV-14,99
,,,,,,,
